timestamp,tollID,tagRef,tagHomeID,charge
2022-03-29 02:04,OO04,NAOVZ41NAM,NAO,2.4
2022-03-29 03:32,NO02,NOXFGCAQV,NO,3.85
2022-03-29 03:53,KO06,KONCXLL4Z,KO,1.9
2022-03-29 04:09,KO03,KOIXA11DP,KO,2.95
2022-03-29 04:45,EG19,EG9CHJ755,EG,1.4
2022-03-29 04:51,KO01,OO3KKV9RF,OO,3.4
2022-03-29 05:01,EG18,EGC11ERTJ,EG,2.1
2022-03-29 05:07,KO04,KOIXA11DP,KO,2.95
2022-03-29 05:13,NAO29,NAO5UQPGB7,NAO,2.5
2022-03-29 05:15,KO03,KOWM31YIH,KO,2.95
2022-03-29 05:23,EG33,EGRHOCN9J,EG,2.0
2022-03-29 05:38,AM08,EGYTJXEPQ,EG,2.8
2022-03-29 05:59,NAO26,NAOLY8OZCY,NAO,2.5
2022-03-29 06:48,AM03,AMNT3W5UZ,AM,2.2
2022-03-29 06:57,NAO18,NOXFGCAQV,NO,2.5
2022-03-29 07:01,EG17,KOWM31YIH,KO,2.1
2022-03-29 07:05,KO02,NAOURTP0LZ,NAO,3.4
2022-03-29 07:23,OO06,OO3KKV9RF,OO,3.5
2022-03-29 07:29,OO01,OO7PZE9VI,OO,2.3
2022-03-29 07:42,EG11,OO1B0Z3NX,OO,0.5
2022-03-29 07:55,EG06,EGC11ERTJ,EG,1.7
2022-03-29 08:01,AM10,AMXAJI0Y6,AM,3.1
2022-03-29 08:11,NAO09,EGRHOCN9J,EG,2.5
2022-03-29 08:18,NAO23,NAOLY8OZCY,NAO,2.5
2022-03-29 08:21,OO08,OO3KKV9RF,OO,1.9
2022-03-29 09:06,KO03,KOIXA11DP,KO,2.95
2022-03-29 09:11,KO03,KOWM31YIH,KO,2.95
2022-03-29 09:29,AM03,AMLJH75LX,AM,2.2
2022-03-29 10:08,OO07,OOQ0OXFQ8,OO,1.9
2022-03-29 10:19,OO05,AMHJ7XVG0,AM,3.5
2022-03-29 10:39,NAO07,AMNT3W5UZ,AM,2.5
2022-03-29 10:41,OO07,OO7PZE9VI,OO,1.9
2022-03-29 11:32,NO11,NOQLL8OS9,NO,3.35
2022-03-29 11:39,OO03,KOWM31YIH,KO,2.4
2022-03-29 12:10,OO10,NAO09SKDGI,NAO,2.5
2022-03-29 13:58,MO05,MOJCKJLTE,MO,2.6
2022-03-29 14:09,KO05,KOJDP0LVS,KO,1.9
2022-03-29 14:33,EG35,NAOP0J43D5,NAO,1.0
2022-03-29 15:25,KO04,NOE1V2ISQ,NO,2.95
2022-03-29 15:34,KO07,KONCXLL4Z,KO,1.85
2022-03-29 15:59,AM10,AMV3A3ZMF,AM,3.1
2022-03-29 16:09,NO09,EGRHOCN9J,EG,4.2
2022-03-29 16:12,NAO19,EGYTJXEPQ,EG,2.5
2022-03-29 16:57,NAO07,NAOBMYOFQE,NAO,2.5
2022-03-29 16:57,EG04,EGYTJXEPQ,EG,1.2
2022-03-29 17:02,NO07,NOE1V2ISQ,NO,3.55
2022-03-29 17:16,NO05,NOQLL8OS9,NO,3.25
2022-03-29 17:51,KO10,KOWKTAKPU,KO,2.05
2022-03-29 18:00,NO02,NOXFGCAQV,NO,3.85
2022-03-29 18:10,EG31,EGUT0CVS4,EG,1.4
2022-03-29 19:43,EG13,EGVWPVS7H,EG,1.2
2022-03-29 19:44,EG10,EGIGQPKI7,EG,0.9
2022-03-29 19:46,KO01,KOJDP0LVS,KO,3.4
2022-03-29 19:54,KO09,KOWM31YIH,KO,2.05
2022-03-29 20:01,OO01,AMLJH75LX,AM,2.3
2022-03-29 20:04,NAO09,NAO5UQPGB7,NAO,2.5
2022-03-29 20:30,EG02,EGIGQPKI7,EG,3.0
2022-03-29 20:56,MO01,MOV86WZS3,MO,1.35
2022-03-29 21:13,AM08,AMXAJI0Y6,AM,2.8
2022-03-29 22:34,KO09,KOWM31YIH,KO,2.05
2022-03-29 23:16,NAO37,NAOBMYOFQE,NAO,2.5
2022-03-29 23:52,NO13,NOE1V2ISQ,NO,4.15
2022-03-30 00:01,NO13,NO7PTX63C,NO,4.15
2022-03-30 00:05,EG14,KOWKTAKPU,KO,1.2
2022-03-30 00:50,KO09,KOIXA11DP,KO,2.05
2022-03-30 01:17,NAO11,NAO5UQPGB7,NAO,2.5
2022-03-30 01:25,EG10,EGVWPVS7H,EG,0.9
2022-03-30 01:55,MO05,NAOLY8OZCY,NAO,2.6
2022-03-30 02:11,EG10,NAO09SKDGI,NAO,0.9
2022-03-30 03:09,EG36,EGC11ERTJ,EG,1.0
2022-03-30 03:11,OO08,OO3KKV9RF,OO,1.9
2022-03-30 03:17,OO04,OO7PZE9VI,OO,2.4
2022-03-30 03:46,AM06,AMXAJI0Y6,AM,3.6
2022-03-30 04:15,NAO05,NAOP0J43D5,NAO,2.5
2022-03-30 04:35,OO05,EG9CHJ755,EG,3.5
2022-03-30 04:35,NAO15,OO3KKV9RF,OO,2.5
2022-03-30 04:37,EG25,EGUT0CVS4,EG,1.8
2022-03-30 04:38,KO02,OOZSJ49IT,OO,3.4
2022-03-30 04:41,AM08,NOE1V2ISQ,NO,2.8
2022-03-30 05:03,MO08,MOJCKJLTE,MO,3.15
2022-03-30 05:16,AM06,AMXAJI0Y6,AM,3.6
2022-03-30 05:18,AM02,AMHJ7XVG0,AM,2.0
2022-03-30 05:43,NAO36,EGVWPVS7H,EG,2.5
2022-03-30 05:55,NAO41,EGUT0CVS4,EG,2.5
2022-03-30 05:59,NAO30,NAOHAFEYUH,NAO,2.5
2022-03-30 06:17,EG22,NAOBMYOFQE,NAO,1.6
2022-03-30 06:20,NO13,EGIGQPKI7,EG,4.15
2022-03-30 07:29,KO04,KOWKTAKPU,KO,2.95
2022-03-30 07:33,OO01,OO1B0Z3NX,OO,2.3
2022-03-30 08:24,MO09,MOJCKJLTE,MO,2.7
2022-03-30 08:24,NO13,NAO5ZJA8DZ,NAO,4.15
2022-03-30 08:33,EG37,EGF1T2TAL,EG,1.4
2022-03-30 08:51,KO04,KOIXA11DP,KO,2.95
2022-03-30 08:57,OO10,OOQ0OXFQ8,OO,2.5
2022-03-30 09:21,EG13,EGVWPVS7H,EG,1.2
2022-03-30 09:36,NO14,NO7PTX63C,NO,4.15
2022-03-30 09:57,KO07,KOWKTAKPU,KO,1.85
2022-03-30 10:03,MO11,NO7PTX63C,NO,2.05
2022-03-30 10:15,KO07,KONCXLL4Z,KO,1.85
2022-03-30 11:30,EG21,AMH9SDBDW,AM,1.6
2022-03-30 11:36,EG29,EGC11ERTJ,EG,1.5
2022-03-30 12:32,MO08,MOV86WZS3,MO,3.15
2022-03-30 13:05,EG14,OO3KKV9RF,OO,1.2
2022-03-30 13:31,OO04,OO3KKV9RF,OO,2.4
2022-03-30 13:55,NAO07,NAO5ZJA8DZ,NAO,2.5
2022-03-30 14:38,OO06,EGYTJXEPQ,EG,3.5
2022-03-30 14:44,NAO08,AMNT3W5UZ,AM,2.5
2022-03-30 14:47,OO03,KOWM31YIH,KO,2.4
2022-03-30 14:58,NAO18,NAOHAFEYUH,NAO,2.5
2022-03-30 15:19,EG21,EGYTJXEPQ,EG,1.6
2022-03-30 15:54,NAO26,KOJDP0LVS,KO,2.5
2022-03-30 15:58,KO03,KONCXLL4Z,KO,2.95
2022-03-30 16:12,NAO13,NAOP0J43D5,NAO,2.5
2022-03-30 17:47,NO01,NO7PTX63C,NO,3.85
2022-03-30 18:15,EG34,EGC11ERTJ,EG,2.0
2022-03-30 19:04,EG08,EG7UR23GD,EG,1.8
2022-03-30 19:33,EG05,EGIGQPKI7,EG,1.7
2022-03-30 20:20,NAO41,NAOP0J43D5,NAO,2.5
2022-03-30 20:30,MO05,NAOP0J43D5,NAO,2.6
2022-03-30 20:58,KO05,EGVWPVS7H,EG,1.9
2022-03-30 20:59,NAO28,NAOHAFEYUH,NAO,2.5
2022-03-30 21:14,KO02,OOZSJ49IT,OO,3.4
2022-03-30 21:31,KO05,KONCXLL4Z,KO,1.9
2022-03-30 21:41,AM02,NOQLL8OS9,NO,2.0
2022-03-30 22:03,OO10,OOQ0OXFQ8,OO,2.5
2022-03-30 22:21,OO05,EG9CHJ755,EG,3.5
2022-03-30 22:31,NAO25,OOQ0OXFQ8,OO,2.5
2022-03-30 22:48,EG37,EGF1T2TAL,EG,1.4
2022-03-30 22:59,NO13,NAO5ZJA8DZ,NAO,4.15
2022-03-30 23:10,NO14,NOXFGCAQV,NO,4.15
2022-03-30 23:26,EG18,EGIGQPKI7,EG,2.1
2022-03-30 23:47,EG34,EGUT0CVS4,EG,2.0
2022-03-31 00:32,EG35,NAOP0J43D5,NAO,1.0
2022-03-31 00:36,EG22,EGVWPVS7H,EG,1.6
2022-03-31 00:44,OO04,NOXFGCAQV,NO,2.4
2022-03-31 00:49,KO03,KOWKTAKPU,KO,2.95
2022-03-31 01:04,NAO29,OO3KKV9RF,OO,2.5
2022-03-31 01:43,AM03,AMXAJI0Y6,AM,2.2
2022-03-31 03:04,AM05,AMV3A3ZMF,AM,3.6
2022-03-31 03:32,NAO28,NAONSM43D8,NAO,2.5
2022-03-31 04:22,NAO21,NAO5UQPGB7,NAO,2.5
2022-03-31 04:52,AM06,AMLJH75LX,AM,3.6
2022-03-31 05:07,OO05,OOZSJ49IT,OO,3.5
2022-03-31 05:09,NO04,NOQLL8OS9,NO,3.25
2022-03-31 05:16,EG33,EG9CHJ755,EG,2.0
2022-03-31 05:29,EG31,NOE1V2ISQ,NO,1.4
2022-03-31 05:35,EG15,AMHJ7XVG0,AM,1.2
2022-03-31 05:50,NAO14,NAOHAFEYUH,NAO,2.5
2022-03-31 06:33,KO09,KOWM31YIH,KO,2.05
2022-03-31 06:36,AM06,AMXAJI0Y6,AM,3.6
2022-03-31 07:22,AM05,AMV3A3ZMF,AM,3.6
2022-03-31 07:24,GE02,AMNT3W5UZ,AM,14.7
2022-03-31 07:41,NO02,NOXFGCAQV,NO,3.85
2022-03-31 08:24,EG29,EGSEIMVIH,EG,1.5
2022-03-31 08:39,OO01,AMLJH75LX,AM,2.3
2022-03-31 08:44,OO03,KOWM31YIH,KO,2.4
2022-03-31 08:54,GE02,GE5A0L725,GE,14.7
2022-03-31 08:59,AM08,OOZSJ49IT,OO,2.8
2022-03-31 09:00,EG11,OO1B0Z3NX,OO,0.5
2022-03-31 09:19,GE01,GEX7EEDTJ,GE,14.7
2022-03-31 09:48,KO02,KOWM31YIH,KO,3.4
2022-03-31 10:58,NAO09,NOX6GVWRD,NO,2.5
2022-03-31 11:17,MO05,NAOP0J43D5,NAO,2.6
2022-03-31 11:22,NAO23,NAOLY8OZCY,NAO,2.5
2022-03-31 11:23,OO09,KOWM31YIH,KO,2.5
2022-03-31 11:48,KO10,NO7PTX63C,NO,2.05
2022-03-31 11:55,EG25,EGVWPVS7H,EG,1.8
2022-03-31 12:34,OO02,OO3KKV9RF,OO,2.3
2022-03-31 12:41,AM06,KOIXA11DP,KO,3.6
2022-03-31 12:41,NO06,NOE1V2ISQ,NO,3.25
2022-03-31 12:56,EG07,AMH9SDBDW,AM,1.8
2022-03-31 12:56,NAO31,NAO09SKDGI,NAO,2.5
2022-03-31 13:52,NAO08,AMNT3W5UZ,AM,2.5
2022-03-31 13:54,NAO20,AMH9SDBDW,AM,2.5
2022-03-31 14:45,AM08,AMXAJI0Y6,AM,2.8
2022-03-31 15:02,NO05,KOWKTAKPU,KO,3.25
2022-03-31 15:23,EG21,NAOP0J43D5,NAO,1.6
2022-03-31 15:24,EG08,AMXAJI0Y6,AM,1.8
2022-03-31 15:40,NAO29,NAONSM43D8,NAO,2.5
2022-03-31 15:42,NAO23,NAONSM43D8,NAO,2.5
2022-03-31 16:40,OO08,OO3KKV9RF,OO,1.9
2022-03-31 17:12,EG03,EGC11ERTJ,EG,1.2
2022-03-31 17:18,EG26,AMHJ7XVG0,AM,1.8
2022-03-31 17:33,NAO28,NAONSM43D8,NAO,2.5
2022-03-31 17:34,NO06,NOXFGCAQV,NO,3.25
2022-03-31 18:03,OO01,OO7PZE9VI,OO,2.3
2022-03-31 18:05,EG29,EGUT0CVS4,EG,1.5
2022-03-31 18:20,OO08,MOJCKJLTE,MO,1.9
2022-03-31 18:34,NO12,NOX6GVWRD,NO,3.35
2022-03-31 18:39,EG24,EGIGQPKI7,EG,1.4
2022-03-31 18:48,EG29,EGC11ERTJ,EG,1.5
2022-03-31 19:02,NO04,NOX6GVWRD,NO,3.25
2022-03-31 19:26,NO01,AMNT3W5UZ,AM,3.85
2022-03-31 19:27,MO01,MOV86WZS3,MO,1.35
2022-03-31 20:07,NAO12,NAO5UQPGB7,NAO,2.5
2022-03-31 21:05,AM02,AMXAJI0Y6,AM,2.0
2022-03-31 21:06,NAO09,NAO5UQPGB7,NAO,2.5
2022-03-31 21:20,EG28,EGIGQPKI7,EG,1.4
2022-03-31 21:35,KO09,KOIXA11DP,KO,2.05
2022-03-31 21:39,NO13,NOXFGCAQV,NO,4.15
2022-03-31 21:53,AM02,AMLJH75LX,AM,2.0
2022-03-31 21:58,MO01,MOV86WZS3,MO,1.35
2022-03-31 22:22,NO13,NOXFGCAQV,NO,4.15
2022-03-31 22:22,MO08,MOJCKJLTE,MO,3.15
2022-03-31 22:37,MO08,KONCXLL4Z,KO,3.15
2022-03-31 22:45,NAO10,NAOLY8OZCY,NAO,2.5
2022-03-31 23:07,EG19,EGYTJXEPQ,EG,1.4
2022-03-31 23:11,OO07,OO3KKV9RF,OO,1.9
2022-03-31 23:32,KO05,KONCXLL4Z,KO,1.9
2022-03-31 23:35,NO09,NORCBPLJD,NO,4.2
2022-04-01 00:09,AM02,AMXAJI0Y6,AM,2.0
2022-04-01 00:17,OO10,OO7PZE9VI,OO,2.5
2022-04-01 00:30,EG24,EGSEIMVIH,EG,1.4
2022-04-01 00:31,EG24,EGIGQPKI7,EG,1.4
2022-04-01 00:40,NO01,NOX6GVWRD,NO,3.85
2022-04-01 00:42,AM01,NAOP0J43D5,NAO,2.0
2022-04-01 00:45,AM02,AMLJH75LX,AM,2.0
2022-04-01 01:18,OO10,OOZSJ49IT,OO,2.5
2022-04-01 01:34,NAO08,AMNT3W5UZ,AM,2.5
2022-04-01 01:57,AM02,AMH9SDBDW,AM,2.0
2022-04-01 02:48,KO04,NAOURTP0LZ,NAO,2.95
2022-04-01 03:12,AM05,AMHJ7XVG0,AM,3.6
2022-04-01 04:23,NAO09,NAO5UQPGB7,NAO,2.5
2022-04-01 04:53,NAO12,NAOURTP0LZ,NAO,2.5
2022-04-01 05:00,NAO33,NAOP0J43D5,NAO,2.5
2022-04-01 06:10,NAO32,NAO5ZJA8DZ,NAO,2.5
2022-04-01 06:47,KO02,NAOVZ41NAM,NAO,3.4
2022-04-01 06:47,EG10,EGVWPVS7H,EG,0.9
2022-04-01 06:57,NAO06,NAOHAFEYUH,NAO,2.5
2022-04-01 07:52,EG36,EGUT0CVS4,EG,1.0
2022-04-01 08:04,AM05,AMH9SDBDW,AM,3.6
2022-04-01 08:13,OO06,OO7PZE9VI,OO,3.5
2022-04-01 08:29,KO02,NAOLY8OZCY,NAO,3.4
2022-04-01 09:13,EG15,EGF1T2TAL,EG,1.2
2022-04-01 10:01,KO10,KOWM31YIH,KO,2.05
2022-04-01 10:33,KO02,KOWM31YIH,KO,3.4
2022-04-01 11:20,EG26,AMHJ7XVG0,AM,1.8
2022-04-01 11:27,NAO15,NAOLY8OZCY,NAO,2.5
2022-04-01 11:40,GE02,NOXFGCAQV,NO,14.7
2022-04-01 11:49,AM07,AMLJH75LX,AM,2.8
2022-04-01 12:04,EG12,EGSEIMVIH,EG,0.5
2022-04-01 12:31,NAO03,NAOLY8OZCY,NAO,2.5
2022-04-01 12:36,NO11,NAOBMYOFQE,NAO,3.35
2022-04-01 12:36,EG16,EGYTJXEPQ,EG,1.2
2022-04-01 13:00,NAO15,KOWKTAKPU,KO,2.5
2022-04-01 13:30,NO06,AMHJ7XVG0,AM,3.25
2022-04-01 13:58,NAO28,AMNT3W5UZ,AM,2.5
2022-04-01 14:23,EG15,EGUT0CVS4,EG,1.2
2022-04-01 14:30,NAO17,NAOBMYOFQE,NAO,2.5
2022-04-01 15:07,NAO21,NAOLY8OZCY,NAO,2.5
2022-04-01 15:14,EG06,EGVWPVS7H,EG,1.7
2022-04-01 15:59,NO06,GE5A0L725,GE,3.25
2022-04-01 16:06,KO05,KOWM31YIH,KO,1.9
2022-04-01 16:11,EG15,AMHJ7XVG0,AM,1.2
2022-04-01 16:24,EG09,EGSEIMVIH,EG,0.9
2022-04-01 16:58,NAO30,NAO5ZJA8DZ,NAO,2.5
2022-04-01 17:07,KO07,NAOURTP0LZ,NAO,1.85
2022-04-01 17:26,NAO21,NAO5ZJA8DZ,NAO,2.5
2022-04-01 17:28,OO08,OO3KKV9RF,OO,1.9
2022-04-01 18:09,OO01,OO1B0Z3NX,OO,2.3
2022-04-01 18:56,KO09,KOWM31YIH,KO,2.05
2022-04-01 18:58,AM09,NAOVZ41NAM,NAO,3.1
2022-04-01 20:13,NAO09,EGRHOCN9J,EG,2.5
2022-04-01 20:37,MO02,OOZSJ49IT,OO,1.35
2022-04-01 21:06,NAO25,OO3KKV9RF,OO,2.5
2022-04-01 21:28,NO11,NOXFGCAQV,NO,3.35
2022-04-01 21:55,NO05,NAOVZ41NAM,NAO,3.25
2022-04-01 22:04,EG12,EGF1T2TAL,EG,0.5
2022-04-01 22:07,EG09,NAOP0J43D5,NAO,0.9
2022-04-01 22:42,AM04,EGVWPVS7H,EG,2.2
2022-04-01 23:42,KO01,KOJDP0LVS,KO,3.4
2022-04-01 23:43,AM04,AMLJH75LX,AM,2.2
2022-04-02 00:08,OO09,OO1B0Z3NX,OO,2.5
2022-04-02 00:31,AM06,KOIXA11DP,KO,3.6
2022-04-02 01:47,OO10,AMLJH75LX,AM,2.5
2022-04-02 01:52,EG31,KOWKTAKPU,KO,1.4
2022-04-02 01:53,AM07,AMXAJI0Y6,AM,2.8
2022-04-02 02:08,NO14,NORCBPLJD,NO,4.15
2022-04-02 02:33,KO04,KONCXLL4Z,KO,2.95
2022-04-02 03:36,NAO30,EGUT0CVS4,EG,2.5
2022-04-02 03:49,NAO40,NAO5ZJA8DZ,NAO,2.5
2022-04-02 04:00,AM02,NAOBMYOFQE,NAO,2.0
2022-04-02 04:03,MO02,MOV86WZS3,MO,1.35
2022-04-02 04:05,NO01,NOX6GVWRD,NO,3.85
2022-04-02 04:08,NAO41,NAO09SKDGI,NAO,2.5
2022-04-02 04:22,AM02,AMH9SDBDW,AM,2.0
2022-04-02 05:12,MO11,EGC11ERTJ,EG,2.05
2022-04-02 05:17,KO09,KOJDP0LVS,KO,2.05
2022-04-02 05:19,AM01,EGRHOCN9J,EG,2.0
2022-04-02 05:19,MO04,MOV86WZS3,MO,2.1
2022-04-02 05:48,NO01,NOXFGCAQV,NO,3.85
2022-04-02 05:53,NO07,NAOP0J43D5,NAO,3.55
2022-04-02 06:00,NAO15,NAOLY8OZCY,NAO,2.5
2022-04-02 06:16,NO14,OO1B0Z3NX,OO,4.15
2022-04-02 06:28,NAO08,NAO5ZJA8DZ,NAO,2.5
2022-04-02 06:40,EG10,EGC11ERTJ,EG,0.9
2022-04-02 06:54,NAO35,NAO5ZJA8DZ,NAO,2.5
2022-04-02 07:12,OO09,OO3KKV9RF,OO,2.5
2022-04-02 07:34,EG14,KOWKTAKPU,KO,1.2
2022-04-02 07:51,EG12,EGF1T2TAL,EG,0.5
2022-04-02 08:02,NAO24,AMLJH75LX,AM,2.5
2022-04-02 08:32,NAO41,NAOHL1N13J,NAO,2.5
2022-04-02 09:22,EG01,EG9CHJ755,EG,3.0
2022-04-02 09:56,OO01,OO3KKV9RF,OO,2.3
2022-04-02 10:05,EG06,OOQ0OXFQ8,OO,1.7
2022-04-02 10:05,EG16,NAO09SKDGI,NAO,1.2
2022-04-02 11:07,EG24,EGSEIMVIH,EG,1.4
2022-04-02 11:54,NO10,NAOURTP0LZ,NAO,4.2
2022-04-02 11:57,OO10,OO7PZE9VI,OO,2.5
2022-04-02 12:29,MO03,MOV86WZS3,MO,2.1
2022-04-02 12:42,NO05,NO7PTX63C,NO,3.25
2022-04-02 12:55,NO05,KONCXLL4Z,KO,3.25
2022-04-02 13:11,EG18,KOIXA11DP,KO,2.1
2022-04-02 13:14,KO04,KOIXA11DP,KO,2.95
2022-04-02 13:18,EG24,EGSEIMVIH,EG,1.4
2022-04-02 13:38,OO05,OO3KKV9RF,OO,3.5
2022-04-02 13:58,AM02,NOQLL8OS9,NO,2.0
2022-04-02 14:03,AM04,AMH9SDBDW,AM,2.2
2022-04-02 14:10,NAO35,KONCXLL4Z,KO,2.5
2022-04-02 14:30,AM06,AMLJH75LX,AM,3.6
2022-04-02 14:53,NAO37,NAOLY8OZCY,NAO,2.5
2022-04-02 15:07,NAO04,NAO5UQPGB7,NAO,2.5
2022-04-02 15:22,AM02,AMNT3W5UZ,AM,2.0
2022-04-02 16:03,AM02,AMXAJI0Y6,AM,2.0
2022-04-02 16:46,EG19,OO7PZE9VI,OO,1.4
2022-04-02 17:10,KO08,NAOLY8OZCY,NAO,1.85
2022-04-02 17:29,MO09,MOV86WZS3,MO,2.7
2022-04-02 17:47,NO12,MOV86WZS3,MO,3.35
2022-04-02 18:05,OO02,OOQ0OXFQ8,OO,2.3
2022-04-02 18:20,NO11,NOXFGCAQV,NO,3.35
2022-04-02 18:57,EG17,OO3KKV9RF,OO,2.1
2022-04-02 19:01,EG06,EG9CHJ755,EG,1.7
2022-04-02 19:34,NO01,EGRHOCN9J,EG,3.85
2022-04-02 20:01,EG19,EGYTJXEPQ,EG,1.4
2022-04-02 20:52,NAO21,NAO5ZJA8DZ,NAO,2.5
2022-04-02 21:06,OO04,OOZSJ49IT,OO,2.4
2022-04-02 21:58,OO07,EGF1T2TAL,EG,1.9
2022-04-02 22:06,OO09,OO1B0Z3NX,OO,2.5
2022-04-02 22:23,NAO37,NAOBMYOFQE,NAO,2.5
2022-04-02 22:59,NO04,KOIXA11DP,KO,3.25
2022-04-02 22:59,NO12,NOXFGCAQV,NO,3.35
2022-04-02 23:05,NO10,NAOVZ41NAM,NAO,4.2
2022-04-02 23:23,EG02,EGUT0CVS4,EG,3.0
2022-04-02 23:55,NO01,NOXFGCAQV,NO,3.85
2022-04-03 00:00,EG36,NOE1V2ISQ,NO,1.0
2022-04-03 00:28,EG19,EGVWPVS7H,EG,1.4
2022-04-03 00:30,EG28,EGIGQPKI7,EG,1.4
2022-04-03 00:50,MO12,AMH9SDBDW,AM,2.05
2022-04-03 00:50,KO05,EGC11ERTJ,EG,1.9
2022-04-03 01:06,KO09,EGUT0CVS4,EG,2.05
2022-04-03 01:07,AM09,AMNT3W5UZ,AM,3.1
2022-04-03 01:16,NO14,NOE1V2ISQ,NO,4.15
2022-04-03 01:18,OO08,OO3KKV9RF,OO,1.9
2022-04-03 01:42,NAO15,NOE1V2ISQ,NO,2.5
2022-04-03 03:00,MO05,NAOP0J43D5,NAO,2.6
2022-04-03 03:33,OO03,NAOVZ41NAM,NAO,2.4
2022-04-03 03:36,OO07,OOQ0OXFQ8,OO,1.9
2022-04-03 04:09,NAO12,NAOBMYOFQE,NAO,2.5
2022-04-03 04:31,NAO40,EGRHOCN9J,EG,2.5
2022-04-03 04:46,EG15,AMHJ7XVG0,AM,1.2
2022-04-03 05:01,NO11,NOXFGCAQV,NO,3.35
2022-04-03 05:26,OO08,EGIGQPKI7,EG,1.9
2022-04-03 05:31,AM05,AMH9SDBDW,AM,3.6
2022-04-03 06:03,EG36,MOV86WZS3,MO,1.0
2022-04-03 07:13,NO14,NOXFGCAQV,NO,4.15
2022-04-03 07:30,KO05,KOJDP0LVS,KO,1.9
2022-04-03 08:09,NO05,KONCXLL4Z,KO,3.25
2022-04-03 08:20,KO02,KOIXA11DP,KO,3.4
2022-04-03 08:26,NO11,NOQLL8OS9,NO,3.35
2022-04-03 08:34,EG10,EGC11ERTJ,EG,0.9
2022-04-03 08:39,NAO07,NAOP0J43D5,NAO,2.5
2022-04-03 08:50,KO03,KONCXLL4Z,KO,2.95
2022-04-03 08:58,EG36,MOV86WZS3,MO,1.0
2022-04-03 09:07,OO02,NAO09SKDGI,NAO,2.3
2022-04-03 09:15,OO05,OO3KKV9RF,OO,3.5
2022-04-03 09:23,NAO39,NAOP0J43D5,NAO,2.5
2022-04-03 09:44,AM08,AMXAJI0Y6,AM,2.8
2022-04-03 09:51,AM03,AMXAJI0Y6,AM,2.2
2022-04-03 10:01,AM08,AMXAJI0Y6,AM,2.8
2022-04-03 11:00,EG07,EGSEIMVIH,EG,1.8
2022-04-03 11:11,NO12,NOQLL8OS9,NO,3.35
2022-04-03 11:27,KO03,KOWM31YIH,KO,2.95
2022-04-03 11:55,AM07,AMLJH75LX,AM,2.8
2022-04-03 12:10,NAO03,KOIXA11DP,KO,2.5
2022-04-03 12:40,NAO03,EG9CHJ755,EG,2.5
2022-04-03 12:55,AM03,AMH9SDBDW,AM,2.2
2022-04-03 13:12,KO04,KOWKTAKPU,KO,2.95
2022-04-03 13:20,KO02,EGIGQPKI7,EG,3.4
2022-04-03 13:20,AM07,AMLJH75LX,AM,2.8
2022-04-03 13:21,NAO09,NAONSM43D8,NAO,2.5
2022-04-03 13:36,MO08,MOJCKJLTE,MO,3.15
2022-04-03 14:12,EG29,EGC11ERTJ,EG,1.5
2022-04-03 14:45,EG32,EGC11ERTJ,EG,1.4
2022-04-03 15:08,NO04,KOIXA11DP,KO,3.25
2022-04-03 15:51,NO12,AMXAJI0Y6,AM,3.35
2022-04-03 16:34,KO01,NOXFGCAQV,NO,3.4
2022-04-03 16:59,EG25,NAOHL1N13J,NAO,1.8
2022-04-03 17:09,NAO18,NAO5ZJA8DZ,NAO,2.5
2022-04-03 17:12,NO02,NOXFGCAQV,NO,3.85
2022-04-03 17:16,NO04,NOE1V2ISQ,NO,3.25
2022-04-03 17:26,EG14,AMH9SDBDW,AM,1.2
2022-04-03 17:29,EG18,KOIXA11DP,KO,2.1
2022-04-03 17:33,EG37,EGF1T2TAL,EG,1.4
2022-04-03 17:35,NAO06,NAOHAFEYUH,NAO,2.5
2022-04-03 17:49,NAO30,NAONSM43D8,NAO,2.5
2022-04-03 18:00,EG38,EGUT0CVS4,EG,1.4
2022-04-03 18:01,NO07,NAOP0J43D5,NAO,3.55
2022-04-03 18:12,NAO32,NAO5UQPGB7,NAO,2.5
2022-04-03 18:19,EG38,AMLJH75LX,AM,1.4
2022-04-03 18:26,EG31,NAOURTP0LZ,NAO,1.4
2022-04-03 18:40,NO03,NORCBPLJD,NO,3.25
2022-04-03 18:43,EG05,EGC11ERTJ,EG,1.7
2022-04-03 18:51,EG26,KOWM31YIH,KO,1.8
2022-04-03 18:57,NAO35,KONCXLL4Z,KO,2.5
2022-04-03 19:01,NAO20,EG7UR23GD,EG,2.5
2022-04-03 19:08,KO04,KONCXLL4Z,KO,2.95
2022-04-03 19:56,EG10,EGVWPVS7H,EG,0.9
2022-04-03 20:06,NAO06,NAO5UQPGB7,NAO,2.5
2022-04-03 20:23,EG14,NAOHAFEYUH,NAO,1.2
2022-04-03 20:25,NAO04,OOQ0OXFQ8,OO,2.5
2022-04-03 20:42,KO09,KOIXA11DP,KO,2.05
2022-04-03 20:53,NAO09,MOJCKJLTE,MO,2.5
2022-04-03 21:01,NAO04,NAO5UQPGB7,NAO,2.5
2022-04-03 22:01,OO05,OO3KKV9RF,OO,3.5
2022-04-03 22:09,EG19,EG9CHJ755,EG,1.4
2022-04-03 22:35,EG36,MOJCKJLTE,MO,1.0
2022-04-03 22:38,NO01,NORCBPLJD,NO,3.85
2022-04-03 22:57,AM03,AMHJ7XVG0,AM,2.2
2022-04-03 23:01,NAO40,NAOP0J43D5,NAO,2.5
2022-04-03 23:04,NAO23,NAOHL1N13J,NAO,2.5
2022-04-03 23:16,EG10,EGYTJXEPQ,EG,0.9
2022-04-03 23:51,KO02,KOWM31YIH,KO,3.4
2022-04-04 00:17,AM09,OO3KKV9RF,OO,3.1
2022-04-04 00:20,NO07,NO7PTX63C,NO,3.55
2022-04-04 00:43,NO05,NORCBPLJD,NO,3.25
2022-04-04 01:11,NAO28,NOE1V2ISQ,NO,2.5
2022-04-04 01:13,EG06,EGIGQPKI7,EG,1.7
2022-04-04 01:29,EG07,EGUT0CVS4,EG,1.8
2022-04-04 01:42,OO03,OO1B0Z3NX,OO,2.4
2022-04-04 01:46,EG09,EG9CHJ755,EG,0.9
2022-04-04 02:04,AM02,AMV3A3ZMF,AM,2.0
2022-04-04 02:26,GE02,EGVWPVS7H,EG,14.7
2022-04-04 02:33,KO01,KOJDP0LVS,KO,3.4
2022-04-04 02:36,NAO30,NAO5ZJA8DZ,NAO,2.5
2022-04-04 02:42,KO06,KONCXLL4Z,KO,1.9
2022-04-04 03:02,EG12,EGF1T2TAL,EG,0.5
2022-04-04 03:05,EG09,EGIGQPKI7,EG,0.9
2022-04-04 03:22,KO01,KOWKTAKPU,KO,3.4
2022-04-04 03:28,NO01,NORCBPLJD,NO,3.85
2022-04-04 03:44,NAO30,NAOP0J43D5,NAO,2.5
2022-04-04 03:51,OO06,EGYTJXEPQ,EG,3.5
2022-04-04 04:00,EG21,NOXFGCAQV,NO,1.6
2022-04-04 04:37,EG33,EGRHOCN9J,EG,2.0
2022-04-04 05:17,KO02,AMHJ7XVG0,AM,3.4
2022-04-04 05:18,NAO23,NAONSM43D8,NAO,2.5
2022-04-04 05:38,EG07,AMH9SDBDW,AM,1.8
2022-04-04 05:40,KO08,NAOLY8OZCY,NAO,1.85
2022-04-04 05:43,AM08,AMXAJI0Y6,AM,2.8
2022-04-04 05:58,NO10,NAOVZ41NAM,NAO,4.2
2022-04-04 06:01,NAO37,AMNT3W5UZ,AM,2.5
2022-04-04 06:08,KO08,NAOLY8OZCY,NAO,1.85
2022-04-04 06:48,NAO22,NAOVZ41NAM,NAO,2.5
2022-04-04 06:54,NAO36,AMLJH75LX,AM,2.5
2022-04-04 07:01,EG24,EGIGQPKI7,EG,1.4
2022-04-04 07:08,OO10,OO1B0Z3NX,OO,2.5
2022-04-04 07:39,KO10,KONCXLL4Z,KO,2.05
2022-04-04 07:44,EG28,EGSEIMVIH,EG,1.4
2022-04-04 07:51,OO03,OO7PZE9VI,OO,2.4
2022-04-04 07:53,NAO20,NAOVZ41NAM,NAO,2.5
2022-04-04 08:00,NAO30,NAOBMYOFQE,NAO,2.5
2022-04-04 08:56,EG34,EGIGQPKI7,EG,2.0
2022-04-04 08:58,AM05,AMV3A3ZMF,AM,3.6
2022-04-04 09:19,NAO14,NAOHAFEYUH,NAO,2.5
2022-04-04 09:21,NAO05,NAOLY8OZCY,NAO,2.5
2022-04-04 09:23,KO09,KOWM31YIH,KO,2.05
2022-04-04 09:34,AM09,AMXAJI0Y6,AM,3.1
2022-04-04 09:35,EG37,EGF1T2TAL,EG,1.4
2022-04-04 09:37,AM05,NAONSM43D8,NAO,3.6
2022-04-04 10:10,EG38,EG7UR23GD,EG,1.4
2022-04-04 10:18,EG06,OOQ0OXFQ8,OO,1.7
2022-04-04 10:20,KO08,KOWM31YIH,KO,1.85
2022-04-04 10:33,NAO03,KOJDP0LVS,KO,2.5
2022-04-04 11:23,KO10,KOJDP0LVS,KO,2.05
2022-04-04 11:59,EG17,EGYTJXEPQ,EG,2.1
2022-04-04 12:04,EG28,EGSEIMVIH,EG,1.4
2022-04-04 12:24,AM07,NAOP0J43D5,NAO,2.8
2022-04-04 12:55,OO06,EG9CHJ755,EG,3.5
2022-04-04 13:36,EG15,AMHJ7XVG0,AM,1.2
2022-04-04 13:37,NAO27,NAO5UQPGB7,NAO,2.5
2022-04-04 13:59,AM09,OO3KKV9RF,OO,3.1
2022-04-04 14:04,EG33,EGF1T2TAL,EG,2.0
2022-04-04 14:28,NAO39,EGIGQPKI7,EG,2.5
2022-04-04 14:33,EG22,EGVWPVS7H,EG,1.6
2022-04-04 14:35,MO10,EG7UR23GD,EG,2.7
2022-04-04 15:08,NAO01,NAOLY8OZCY,NAO,2.5
2022-04-04 15:13,EG28,EGSEIMVIH,EG,1.4
2022-04-04 15:15,KO03,KONCXLL4Z,KO,2.95
2022-04-04 15:22,MO04,MOJCKJLTE,MO,2.1
2022-04-04 15:24,EG16,EGYTJXEPQ,EG,1.2
2022-04-04 15:27,KO02,NAOVZ41NAM,NAO,3.4
2022-04-04 15:38,AM01,NOE1V2ISQ,NO,2.0
2022-04-04 15:47,EG31,OOQ0OXFQ8,OO,1.4
2022-04-04 15:48,EG17,KOWM31YIH,KO,2.1
2022-04-04 15:54,NAO08,NAOVZ41NAM,NAO,2.5
2022-04-04 16:24,NAO14,EG7UR23GD,EG,2.5
2022-04-04 17:05,MO10,MOV86WZS3,MO,2.7
2022-04-04 17:23,AM10,AMXAJI0Y6,AM,3.1
2022-04-04 17:26,EG24,EGVWPVS7H,EG,1.4
2022-04-04 17:30,NO02,NORCBPLJD,NO,3.85
2022-04-04 17:56,KO02,OOZSJ49IT,OO,3.4
2022-04-04 18:28,EG12,EGF1T2TAL,EG,0.5
2022-04-04 19:58,NAO12,NAO5UQPGB7,NAO,2.5
2022-04-04 20:08,AM06,EGVWPVS7H,EG,3.6
2022-04-04 20:36,OO06,OO7PZE9VI,OO,3.5
2022-04-04 20:40,NAO03,NAOURTP0LZ,NAO,2.5
2022-04-04 21:55,NO06,NOX6GVWRD,NO,3.25
2022-04-04 22:23,EG20,EGSEIMVIH,EG,1.4
2022-04-04 22:24,NO05,NAOVZ41NAM,NAO,3.25
2022-04-04 22:58,OO10,OOQ0OXFQ8,OO,2.5
2022-04-04 23:20,AM08,AMNT3W5UZ,AM,2.8
2022-04-05 00:20,KO01,KOJDP0LVS,KO,3.4
2022-04-05 01:01,NAO26,NAO09SKDGI,NAO,2.5
2022-04-05 01:06,EG30,EG7UR23GD,EG,1.5
2022-04-05 01:09,EG12,EGC11ERTJ,EG,0.5
2022-04-05 01:25,KO01,KOJDP0LVS,KO,3.4
2022-04-05 01:41,AM02,AMH9SDBDW,AM,2.0
2022-04-05 02:03,NAO41,NAO09SKDGI,NAO,2.5
2022-04-05 02:04,NO05,OO1B0Z3NX,OO,3.25
2022-04-05 02:09,EG28,EG9CHJ755,EG,1.4
2022-04-05 02:34,NAO25,OOQ0OXFQ8,OO,2.5
2022-04-05 02:47,EG03,NAO09SKDGI,NAO,1.2
2022-04-05 03:23,EG37,KOJDP0LVS,KO,1.4
2022-04-05 03:24,NAO37,NAOLY8OZCY,NAO,2.5
2022-04-05 03:47,EG31,NAOURTP0LZ,NAO,1.4
2022-04-05 03:50,EG25,EGUT0CVS4,EG,1.8
2022-04-05 03:59,OO08,OO1B0Z3NX,OO,1.9
2022-04-05 04:08,AM02,AMHJ7XVG0,AM,2.0
2022-04-05 04:12,OO08,MOJCKJLTE,MO,1.9
2022-04-05 04:19,AM06,AMH9SDBDW,AM,3.6
2022-04-05 04:26,OO10,OOQ0OXFQ8,OO,2.5
2022-04-05 04:35,OO04,OOQ0OXFQ8,OO,2.4
2022-04-05 05:24,OO06,OO3KKV9RF,OO,3.5
2022-04-05 06:24,KO07,KOIXA11DP,KO,1.85
2022-04-05 06:35,AM09,NAO09SKDGI,NAO,3.1
2022-04-05 06:39,OO03,OO1B0Z3NX,OO,2.4
2022-04-05 06:57,NO05,KONCXLL4Z,KO,3.25
2022-04-05 07:04,EG38,AMLJH75LX,AM,1.4
2022-04-05 07:16,OO07,OO3KKV9RF,OO,1.9
2022-04-05 08:09,NO01,NOXFGCAQV,NO,3.85
2022-04-05 08:13,MO09,MOJCKJLTE,MO,2.7
2022-04-05 09:01,EG28,NAOBMYOFQE,NAO,1.4
2022-04-05 09:25,EG19,KONCXLL4Z,KO,1.4
2022-04-05 10:07,KO03,KONCXLL4Z,KO,2.95
2022-04-05 10:10,NAO35,NAOBMYOFQE,NAO,2.5
2022-04-05 10:33,NAO35,NAONSM43D8,NAO,2.5
2022-04-05 10:34,EG29,EGF1T2TAL,EG,1.5
2022-04-05 10:59,OO08,EGIGQPKI7,EG,1.9
2022-04-05 11:01,EG11,EG9CHJ755,EG,0.5
2022-04-05 11:47,KO03,KOWKTAKPU,KO,2.95
2022-04-05 12:47,EG06,OOQ0OXFQ8,OO,1.7
2022-04-05 12:48,NAO21,EGIGQPKI7,EG,2.5
2022-04-05 12:54,AM04,AMH9SDBDW,AM,2.2
2022-04-05 14:07,KO07,NAOURTP0LZ,NAO,1.85
2022-04-05 14:31,AM05,AMH9SDBDW,AM,3.6
2022-04-05 14:53,OO03,OOZSJ49IT,OO,2.4
2022-04-05 15:00,NO05,OO1B0Z3NX,OO,3.25
2022-04-05 15:01,NAO35,KONCXLL4Z,KO,2.5
2022-04-05 15:17,NAO11,NAO09SKDGI,NAO,2.5
2022-04-05 15:23,NAO30,NAO5ZJA8DZ,NAO,2.5
2022-04-05 15:25,AM05,KONCXLL4Z,KO,3.6
2022-04-05 15:49,NAO22,NAOVZ41NAM,NAO,2.5
2022-04-05 16:29,OO04,OO3KKV9RF,OO,2.4
2022-04-05 17:37,NAO03,KOJDP0LVS,KO,2.5
2022-04-05 17:37,KO07,KOWKTAKPU,KO,1.85
2022-04-05 18:20,NO05,KONCXLL4Z,KO,3.25
2022-04-05 18:21,EG32,EGF1T2TAL,EG,1.4
2022-04-05 18:39,OO08,OO3KKV9RF,OO,1.9
2022-04-05 19:35,NAO36,AMLJH75LX,AM,2.5
2022-04-05 19:46,EG16,EGYTJXEPQ,EG,1.2
2022-04-05 19:50,NO10,NO7PTX63C,NO,4.2
2022-04-05 20:06,NAO01,NAONSM43D8,NAO,2.5
2022-04-05 21:22,EG28,EG9CHJ755,EG,1.4
2022-04-05 21:37,EG05,EGYTJXEPQ,EG,1.7
2022-04-05 21:40,OO07,OO7PZE9VI,OO,1.9
2022-04-05 21:52,AM10,AMNT3W5UZ,AM,3.1
2022-04-05 21:54,MO09,EGF1T2TAL,EG,2.7
2022-04-05 22:05,OO06,OO7PZE9VI,OO,3.5
2022-04-05 22:09,OO10,OOQ0OXFQ8,OO,2.5
2022-04-05 22:13,NO02,NOE1V2ISQ,NO,3.85
2022-04-05 22:16,EG20,EGIGQPKI7,EG,1.4
2022-04-05 22:51,NO13,NOXFGCAQV,NO,4.15
2022-04-05 23:11,NAO38,NAO5ZJA8DZ,NAO,2.5
2022-04-05 23:17,NAO26,OO3KKV9RF,OO,2.5
2022-04-05 23:22,AM02,AMNT3W5UZ,AM,2.0
2022-04-06 00:09,NAO11,NAO09SKDGI,NAO,2.5
2022-04-06 00:43,NAO03,NAOURTP0LZ,NAO,2.5
2022-04-06 02:05,KO09,NOXFGCAQV,NO,2.05
2022-04-06 02:09,AM03,AMLJH75LX,AM,2.2
2022-04-06 02:23,OO09,EGRHOCN9J,EG,2.5
2022-04-06 02:34,KO03,KOWM31YIH,KO,2.95
2022-04-06 02:45,AM08,AMXAJI0Y6,AM,2.8
2022-04-06 02:59,KO04,KOIXA11DP,KO,2.95
2022-04-06 03:20,NAO29,NAO5UQPGB7,NAO,2.5
2022-04-06 03:37,NAO26,KOJDP0LVS,KO,2.5
2022-04-06 03:51,KO05,EGVWPVS7H,EG,1.9
2022-04-06 04:25,EG21,NOXFGCAQV,NO,1.6
2022-04-06 05:16,EG33,EGYTJXEPQ,EG,2.0
2022-04-06 05:42,NAO05,KONCXLL4Z,KO,2.5
2022-04-06 06:03,NO01,NORCBPLJD,NO,3.85
2022-04-06 06:28,EG30,EG9CHJ755,EG,1.5
2022-04-06 06:49,EG29,EG7UR23GD,EG,1.5
2022-04-06 07:05,NAO38,NAONSM43D8,NAO,2.5
2022-04-06 07:54,NO02,NOXFGCAQV,NO,3.85
2022-04-06 08:46,KO02,KOIXA11DP,KO,3.4
2022-04-06 09:17,EG28,EG9CHJ755,EG,1.4
2022-04-06 10:12,MO06,MOJCKJLTE,MO,2.6
2022-04-06 10:16,NAO16,NAOHL1N13J,NAO,2.5
2022-04-06 10:20,OO10,OOQ0OXFQ8,OO,2.5
2022-04-06 10:39,EG26,EG9CHJ755,EG,1.8
2022-04-06 10:40,NAO11,NAOLY8OZCY,NAO,2.5
2022-04-06 11:21,OO06,OOQ0OXFQ8,OO,3.5
2022-04-06 11:41,KO06,AMHJ7XVG0,AM,1.9
2022-04-06 11:41,AM02,AMLJH75LX,AM,2.0
2022-04-06 12:20,NAO09,KOJDP0LVS,KO,2.5
2022-04-06 12:23,OO05,OO3KKV9RF,OO,3.5
2022-04-06 12:35,KO04,MOJCKJLTE,MO,2.95
2022-04-06 12:40,NO05,EGYTJXEPQ,EG,3.25
2022-04-06 12:46,NAO09,MOJCKJLTE,MO,2.5
2022-04-06 13:04,NAO26,NAO09SKDGI,NAO,2.5
2022-04-06 13:20,EG08,EG7UR23GD,EG,1.8
2022-04-06 14:07,NAO13,NAOP0J43D5,NAO,2.5
2022-04-06 14:08,NAO26,NAOLY8OZCY,NAO,2.5
2022-04-06 14:21,NAO39,AMXAJI0Y6,AM,2.5
2022-04-06 14:25,NO11,NOE1V2ISQ,NO,3.35
2022-04-06 14:46,NO10,NOQLL8OS9,NO,4.2
2022-04-06 15:08,EG06,NO7PTX63C,NO,1.7
2022-04-06 15:15,EG07,EGVWPVS7H,EG,1.8
2022-04-06 15:44,OO07,OO1B0Z3NX,OO,1.9
2022-04-06 16:44,KO01,NOXFGCAQV,NO,3.4
2022-04-06 16:53,KO03,NAOBMYOFQE,NAO,2.95
2022-04-06 17:15,NO05,EGVWPVS7H,EG,3.25
2022-04-06 18:14,EG11,EGIGQPKI7,EG,0.5
2022-04-06 18:25,NAO10,AMV3A3ZMF,AM,2.5
2022-04-06 20:28,EG06,EG9CHJ755,EG,1.7
2022-04-06 20:55,AM06,AMHJ7XVG0,AM,3.6
2022-04-06 20:58,GE02,EGVWPVS7H,EG,14.7
2022-04-06 20:59,MO05,MOJCKJLTE,MO,2.6
2022-04-06 21:14,NAO37,NAOHL1N13J,NAO,2.5
2022-04-06 21:30,KO03,OO1B0Z3NX,OO,2.95
2022-04-06 21:31,NAO11,EGSEIMVIH,EG,2.5
2022-04-06 21:43,KO02,AMXAJI0Y6,AM,3.4
2022-04-06 22:08,EG29,EG7UR23GD,EG,1.5
2022-04-06 22:37,NAO16,EGUT0CVS4,EG,2.5
2022-04-06 23:01,OO07,OO7PZE9VI,OO,1.9
2022-04-06 23:13,EG28,NAOBMYOFQE,NAO,1.4
2022-04-06 23:22,AM02,AMH9SDBDW,AM,2.0
2022-04-06 23:36,OO02,NOQLL8OS9,NO,2.3
2022-04-06 23:50,NAO32,NAOHL1N13J,NAO,2.5
2022-04-07 00:16,OO05,OO3KKV9RF,OO,3.5
2022-04-07 00:25,EG18,NAO5ZJA8DZ,NAO,2.1
2022-04-07 00:52,NAO21,NAOHAFEYUH,NAO,2.5
2022-04-07 01:09,NAO07,NAOURTP0LZ,NAO,2.5
2022-04-07 01:44,AM05,AMHJ7XVG0,AM,3.6
2022-04-07 01:48,NAO04,MOV86WZS3,MO,2.5
2022-04-07 02:00,EG21,EGYTJXEPQ,EG,1.6
2022-04-07 02:19,EG20,EGIGQPKI7,EG,1.4
2022-04-07 02:33,NAO40,NAONSM43D8,NAO,2.5
2022-04-07 02:38,NO11,NOXFGCAQV,NO,3.35
2022-04-07 03:34,OO05,OOZSJ49IT,OO,3.5
2022-04-07 03:38,MO05,MOV86WZS3,MO,2.6
2022-04-07 03:49,KO09,EGC11ERTJ,EG,2.05
2022-04-07 04:35,EG17,EG7UR23GD,EG,2.1
2022-04-07 04:38,KO06,NORCBPLJD,NO,1.9
2022-04-07 04:43,AM01,NAOLY8OZCY,NAO,2.0
2022-04-07 04:59,OO04,OO7PZE9VI,OO,2.4
2022-04-07 05:31,OO03,OO1B0Z3NX,OO,2.4
2022-04-07 06:24,MO02,NAOHL1N13J,NAO,1.35
2022-04-07 06:31,NO10,NOQLL8OS9,NO,4.2
2022-04-07 06:37,AM04,KOWKTAKPU,KO,2.2
2022-04-07 07:29,EG38,EG7UR23GD,EG,1.4
2022-04-07 07:31,NAO03,EG9CHJ755,EG,2.5
2022-04-07 07:36,NO06,NOX6GVWRD,NO,3.25
2022-04-07 07:42,AM05,AMLJH75LX,AM,3.6
2022-04-07 07:50,EG14,KOWKTAKPU,KO,1.2
2022-04-07 08:29,NAO15,NOE1V2ISQ,NO,2.5
2022-04-07 08:44,EG06,KOWKTAKPU,KO,1.7
2022-04-07 10:59,NO02,NOXFGCAQV,NO,3.85
2022-04-07 11:08,EG11,EG9CHJ755,EG,0.5
2022-04-07 11:16,NO06,EGVWPVS7H,EG,3.25
2022-04-07 12:11,NAO12,NAOURTP0LZ,NAO,2.5
2022-04-07 12:18,KO04,NOE1V2ISQ,NO,2.95
2022-04-07 12:19,KO03,KONCXLL4Z,KO,2.95
2022-04-07 12:31,EG19,OO7PZE9VI,OO,1.4
2022-04-07 12:38,MO05,MOJCKJLTE,MO,2.6
2022-04-07 13:00,OO10,OOQ0OXFQ8,OO,2.5
2022-04-07 13:08,NAO37,NAOBMYOFQE,NAO,2.5
2022-04-07 13:47,KO09,NOXFGCAQV,NO,2.05
2022-04-07 14:28,NAO15,KOWKTAKPU,KO,2.5
2022-04-07 14:33,EG03,EG7UR23GD,EG,1.2
2022-04-07 14:41,NO05,KONCXLL4Z,KO,3.25
2022-04-07 16:20,EG01,EGRHOCN9J,EG,3.0
2022-04-07 16:26,EG36,EGUT0CVS4,EG,1.0
2022-04-07 17:04,EG20,EGIGQPKI7,EG,1.4
2022-04-07 17:36,MO05,NAOLY8OZCY,NAO,2.6
2022-04-07 18:00,NO11,NOXFGCAQV,NO,3.35
2022-04-07 18:14,EG29,AMH9SDBDW,AM,1.5
2022-04-07 18:17,AM08,AMLJH75LX,AM,2.8
2022-04-07 18:32,OO07,EGF1T2TAL,EG,1.9
2022-04-07 18:33,MO04,MOJCKJLTE,MO,2.1
2022-04-07 18:42,NAO18,NOXFGCAQV,NO,2.5
2022-04-07 18:59,NAO34,NAOURTP0LZ,NAO,2.5
2022-04-07 19:14,NO08,NOQLL8OS9,NO,3.55
2022-04-07 19:20,AM02,NOQLL8OS9,NO,2.0
2022-04-07 19:34,NO04,NO7PTX63C,NO,3.25
2022-04-07 20:39,EG02,NAONSM43D8,NAO,3.0
2022-04-07 21:04,NAO39,NAOP0J43D5,NAO,2.5
2022-04-07 21:10,NAO08,NAOHL1N13J,NAO,2.5
2022-04-07 21:14,EG05,EGYTJXEPQ,EG,1.7
2022-04-07 21:14,KO05,KOJDP0LVS,KO,1.9
2022-04-07 22:10,OO08,OO3KKV9RF,OO,1.9
2022-04-07 22:49,AM08,AMLJH75LX,AM,2.8
2022-04-07 22:58,OO08,OOZSJ49IT,OO,1.9
2022-04-07 23:19,KO05,KOWM31YIH,KO,1.9
2022-04-07 23:41,EG22,OO7PZE9VI,OO,1.6
2022-04-08 00:04,NAO09,MOJCKJLTE,MO,2.5
2022-04-08 00:11,OO10,AMLJH75LX,AM,2.5
2022-04-08 00:14,EG07,EG7UR23GD,EG,1.8
2022-04-08 00:15,NAO06,NAOP0J43D5,NAO,2.5
2022-04-08 00:34,EG21,EGF1T2TAL,EG,1.6
2022-04-08 00:38,NO04,NOX6GVWRD,NO,3.25
2022-04-08 00:44,NAO32,NAO5ZJA8DZ,NAO,2.5
2022-04-08 00:51,EG32,NAO5ZJA8DZ,NAO,1.4
2022-04-08 01:03,NAO06,NAOHAFEYUH,NAO,2.5
2022-04-08 01:14,AM01,AMLJH75LX,AM,2.0
2022-04-08 01:19,OO08,OO3KKV9RF,OO,1.9
2022-04-08 01:38,KO05,KOJDP0LVS,KO,1.9
2022-04-08 01:52,AM03,AMNT3W5UZ,AM,2.2
2022-04-08 02:12,NO06,NOE1V2ISQ,NO,3.25
2022-04-08 02:38,KO04,MOJCKJLTE,MO,2.95
2022-04-08 02:47,EG08,EGVWPVS7H,EG,1.8
2022-04-08 03:34,EG29,EGC11ERTJ,EG,1.5
2022-04-08 03:52,NAO28,NOE1V2ISQ,NO,2.5
2022-04-08 04:15,EG24,EGF1T2TAL,EG,1.4
2022-04-08 04:18,EG03,EG7UR23GD,EG,1.2
2022-04-08 04:19,KO02,EGYTJXEPQ,EG,3.4
2022-04-08 04:35,NAO39,NAOURTP0LZ,NAO,2.5
2022-04-08 05:47,NAO08,NAOHL1N13J,NAO,2.5
2022-04-08 05:58,OO10,OOQ0OXFQ8,OO,2.5
2022-04-08 06:22,EG01,EGRHOCN9J,EG,3.0
2022-04-08 06:48,NAO17,NAONSM43D8,NAO,2.5
2022-04-08 07:28,EG10,EGC11ERTJ,EG,0.9
2022-04-08 08:09,OO10,OO7PZE9VI,OO,2.5
2022-04-08 08:19,AM03,AMH9SDBDW,AM,2.2
2022-04-08 08:26,KO10,KONCXLL4Z,KO,2.05
2022-04-08 08:28,EG34,AMLJH75LX,AM,2.0
2022-04-08 09:03,NAO21,NAO5UQPGB7,NAO,2.5
2022-04-08 09:11,EG06,EGUT0CVS4,EG,1.7
2022-04-08 09:17,OO05,OOZSJ49IT,OO,3.5
2022-04-08 09:31,NAO04,OOQ0OXFQ8,OO,2.5
2022-04-08 09:36,NAO02,KOIXA11DP,KO,2.5
2022-04-08 10:06,KO07,AMXAJI0Y6,AM,1.85
2022-04-08 11:01,EG14,KOWKTAKPU,KO,1.2
2022-04-08 11:14,KO02,EG9CHJ755,EG,3.4
2022-04-08 11:15,NO02,NOXFGCAQV,NO,3.85
2022-04-08 12:13,NO09,EGRHOCN9J,EG,4.2
2022-04-08 12:42,NAO16,EGIGQPKI7,EG,2.5
2022-04-08 13:01,NO09,NORCBPLJD,NO,4.2
2022-04-08 13:07,EG02,EGVWPVS7H,EG,3.0
2022-04-08 13:10,EG37,EGSEIMVIH,EG,1.4
2022-04-08 13:24,EG31,EGC11ERTJ,EG,1.4
2022-04-08 14:04,OO07,NAOLY8OZCY,NAO,1.9
2022-04-08 14:50,NAO21,NAOP0J43D5,NAO,2.5
2022-04-08 14:59,KO03,NAOBMYOFQE,NAO,2.95
2022-04-08 15:05,NAO07,NAOP0J43D5,NAO,2.5
2022-04-08 15:06,OO03,OO7PZE9VI,OO,2.4
2022-04-08 15:24,AM04,AMH9SDBDW,AM,2.2
2022-04-08 16:31,EG10,EGIGQPKI7,EG,0.9
2022-04-08 17:47,NAO12,NAOBMYOFQE,NAO,2.5
2022-04-08 17:48,NAO10,NAOHAFEYUH,NAO,2.5
2022-04-08 17:50,NAO20,NAOVZ41NAM,NAO,2.5
2022-04-08 18:05,OO10,EGSEIMVIH,EG,2.5
2022-04-08 18:09,KO04,KOIXA11DP,KO,2.95
2022-04-08 18:11,KO03,AMNT3W5UZ,AM,2.95
2022-04-08 18:12,AM08,KOIXA11DP,KO,2.8
2022-04-08 18:43,NAO38,NAO09SKDGI,NAO,2.5
2022-04-08 18:50,NAO40,NAO5ZJA8DZ,NAO,2.5
2022-04-08 20:19,EG10,EGVWPVS7H,EG,0.9
2022-04-08 20:24,KO03,KONCXLL4Z,KO,2.95
2022-04-08 21:05,MO10,MOV86WZS3,MO,2.7
2022-04-08 21:08,OO04,NAOVZ41NAM,NAO,2.4
2022-04-08 21:21,AM03,AMH9SDBDW,AM,2.2
2022-04-08 21:27,EG26,KOWM31YIH,KO,1.8
2022-04-08 21:30,OO03,OO1B0Z3NX,OO,2.4
2022-04-08 21:38,NAO19,EGYTJXEPQ,EG,2.5
2022-04-08 22:15,NAO07,NAOURTP0LZ,NAO,2.5
2022-04-08 22:21,AM08,NOE1V2ISQ,NO,2.8
2022-04-08 23:04,NAO40,NAONSM43D8,NAO,2.5
2022-04-08 23:30,EG21,AMXAJI0Y6,AM,1.6
2022-04-08 23:34,KO02,NAOVZ41NAM,NAO,3.4
2022-04-08 23:57,NAO05,NAO5ZJA8DZ,NAO,2.5
2022-04-09 00:32,NO11,NOE1V2ISQ,NO,3.35
2022-04-09 00:56,NAO40,NAOHL1N13J,NAO,2.5
2022-04-09 01:23,AM06,NOXFGCAQV,NO,3.6
2022-04-09 01:24,KO09,KOWM31YIH,KO,2.05
2022-04-09 01:47,NO03,NORCBPLJD,NO,3.25
2022-04-09 01:53,KO05,KOWKTAKPU,KO,1.9
2022-04-09 03:00,NAO18,NAO5ZJA8DZ,NAO,2.5
2022-04-09 03:50,NAO09,NAONSM43D8,NAO,2.5
2022-04-09 03:51,NO06,NOE1V2ISQ,NO,3.25
2022-04-09 04:26,KO05,KOWM31YIH,KO,1.9
2022-04-09 04:40,AM04,AMH9SDBDW,AM,2.2
2022-04-09 04:54,NAO05,NAO5ZJA8DZ,NAO,2.5
2022-04-09 05:03,MO09,EGF1T2TAL,EG,2.7
2022-04-09 05:19,NAO19,EGYTJXEPQ,EG,2.5
2022-04-09 05:39,NO02,NORCBPLJD,NO,3.85
2022-04-09 06:07,OO07,EGF1T2TAL,EG,1.9
2022-04-09 06:35,MO02,OOZSJ49IT,OO,1.35
2022-04-09 07:22,EG21,NAOP0J43D5,NAO,1.6
2022-04-09 08:10,OO05,OOZSJ49IT,OO,3.5
2022-04-09 08:52,NAO32,NAOHL1N13J,NAO,2.5
2022-04-09 09:16,AM06,EGVWPVS7H,EG,3.6
2022-04-09 09:17,OO01,EGYTJXEPQ,EG,2.3
2022-04-09 09:25,EG36,NAONSM43D8,NAO,1.0
2022-04-09 09:45,EG03,EGC11ERTJ,EG,1.2
2022-04-09 11:08,AM04,AMLJH75LX,AM,2.2
2022-04-09 11:36,KO08,KONCXLL4Z,KO,1.85
2022-04-09 11:57,NO05,NOX6GVWRD,NO,3.25
2022-04-09 12:20,AM06,AMH9SDBDW,AM,3.6
2022-04-09 12:47,EG28,EGF1T2TAL,EG,1.4
2022-04-09 12:47,EG37,EGVWPVS7H,EG,1.4
2022-04-09 13:35,OO05,OO3KKV9RF,OO,3.5
2022-04-09 14:22,AM06,AMNT3W5UZ,AM,3.6
2022-04-09 15:03,NAO10,NAOHAFEYUH,NAO,2.5
2022-04-09 15:41,AM10,AMNT3W5UZ,AM,3.1
2022-04-09 16:30,NAO07,NAOBMYOFQE,NAO,2.5
2022-04-09 16:46,NO10,KOWKTAKPU,KO,4.2
2022-04-09 16:51,OO02,NAOURTP0LZ,NAO,2.3
2022-04-09 17:01,EG25,MOV86WZS3,MO,1.8
2022-04-09 17:02,AM03,AMXAJI0Y6,AM,2.2
2022-04-09 17:45,MO09,MOV86WZS3,MO,2.7
2022-04-09 17:47,EG03,EGC11ERTJ,EG,1.2
2022-04-09 17:58,AM04,AMNT3W5UZ,AM,2.2
2022-04-09 18:01,EG36,NOE1V2ISQ,NO,1.0
2022-04-09 18:38,OO05,OOZSJ49IT,OO,3.5
2022-04-09 18:57,NAO09,KOJDP0LVS,KO,2.5
2022-04-09 19:06,OO01,OO7PZE9VI,OO,2.3
2022-04-09 19:11,AM09,AMH9SDBDW,AM,3.1
2022-04-09 19:40,OO08,NAOHL1N13J,NAO,1.9
2022-04-09 20:08,EG18,EGIGQPKI7,EG,2.1
2022-04-09 20:33,EG02,NAONSM43D8,NAO,3.0
2022-04-09 22:00,AM02,AMNT3W5UZ,AM,2.0
2022-04-09 23:20,NO07,NOQLL8OS9,NO,3.55
2022-04-09 23:31,KO05,EGF1T2TAL,EG,1.9
2022-04-10 00:22,EG21,EGYTJXEPQ,EG,1.6
2022-04-10 00:28,KO06,NORCBPLJD,NO,1.9
2022-04-10 00:29,NAO33,NAOP0J43D5,NAO,2.5
2022-04-10 00:40,NAO26,EGSEIMVIH,EG,2.5
2022-04-10 01:24,GE02,NOXFGCAQV,NO,14.7
2022-04-10 01:42,MO04,MOJCKJLTE,MO,2.1
2022-04-10 02:09,OO10,AMHJ7XVG0,AM,2.5
2022-04-10 02:15,KO09,KOJDP0LVS,KO,2.05
2022-04-10 02:21,EG05,EG7UR23GD,EG,1.7
2022-04-10 03:11,KO10,KOWKTAKPU,KO,2.05
2022-04-10 03:44,NO05,NOQLL8OS9,NO,3.25
2022-04-10 04:06,KO09,NAO5ZJA8DZ,NAO,2.05
2022-04-10 04:19,OO07,OO7PZE9VI,OO,1.9
2022-04-10 04:44,AM10,AMHJ7XVG0,AM,3.1
2022-04-10 05:00,NAO14,NAONSM43D8,NAO,2.5
2022-04-10 05:02,MO06,MOJCKJLTE,MO,2.6
2022-04-10 05:51,KO05,KOWKTAKPU,KO,1.9
2022-04-10 06:15,NAO28,NOE1V2ISQ,NO,2.5
2022-04-10 06:23,NAO31,OO7PZE9VI,OO,2.5
2022-04-10 06:32,OO06,KOIXA11DP,KO,3.5
2022-04-10 06:38,NAO15,OO3KKV9RF,OO,2.5
2022-04-10 06:38,EG31,NAOURTP0LZ,NAO,1.4
2022-04-10 07:10,NAO13,NAOP0J43D5,NAO,2.5
2022-04-10 07:23,KO01,KOIXA11DP,KO,3.4
2022-04-10 07:48,NAO25,OOQ0OXFQ8,OO,2.5
2022-04-10 07:50,NAO32,NAO5UQPGB7,NAO,2.5
2022-04-10 07:57,EG10,EGIGQPKI7,EG,0.9
2022-04-10 08:27,NO07,OOQ0OXFQ8,OO,3.55
2022-04-10 08:35,NO07,NO7PTX63C,NO,3.55
2022-04-10 08:46,KO09,NOXFGCAQV,NO,2.05
2022-04-10 08:47,KO09,NAO5ZJA8DZ,NAO,2.05
2022-04-10 09:09,OO06,NO7PTX63C,NO,3.5
2022-04-10 10:43,NAO33,NAOHL1N13J,NAO,2.5
2022-04-10 10:48,NAO39,AMXAJI0Y6,AM,2.5
2022-04-10 10:52,OO10,OOZSJ49IT,OO,2.5
2022-04-10 10:59,EG22,EG7UR23GD,EG,1.6
2022-04-10 10:59,KO01,KONCXLL4Z,KO,3.4
2022-04-10 11:05,MO02,OOZSJ49IT,OO,1.35
2022-04-10 11:17,EG10,EGF1T2TAL,EG,0.9
2022-04-10 11:28,AM10,AMV3A3ZMF,AM,3.1
2022-04-10 11:39,EG36,OO1B0Z3NX,OO,1.0
2022-04-10 12:04,MO08,MOJCKJLTE,MO,3.15
2022-04-10 12:04,KO07,EGC11ERTJ,EG,1.85
2022-04-10 12:11,NO14,NO7PTX63C,NO,4.15
2022-04-10 12:32,KO07,KOIXA11DP,KO,1.85
2022-04-10 12:45,EG22,OO7PZE9VI,OO,1.6
2022-04-10 13:40,EG19,EGF1T2TAL,EG,1.4
2022-04-10 14:25,NO06,NOXFGCAQV,NO,3.25
2022-04-10 14:30,NO01,AMNT3W5UZ,AM,3.85
2022-04-10 15:01,KO08,NAOLY8OZCY,NAO,1.85
2022-04-10 15:17,NAO24,AMLJH75LX,AM,2.5
2022-04-10 15:25,EG02,EGF1T2TAL,EG,3.0
2022-04-10 15:36,NAO23,NAOHL1N13J,NAO,2.5
2022-04-10 15:47,MO08,MOJCKJLTE,MO,3.15
2022-04-10 15:47,GE02,OO3KKV9RF,OO,14.7
2022-04-10 15:54,OO10,OO7PZE9VI,OO,2.5
2022-04-10 16:17,EG21,NOXFGCAQV,NO,1.6
2022-04-10 17:19,OO06,KOJDP0LVS,KO,3.5
2022-04-10 17:56,NAO12,AMXAJI0Y6,AM,2.5
2022-04-10 18:31,OO06,NO7PTX63C,NO,3.5
2022-04-10 18:36,AM09,OO3KKV9RF,OO,3.1
2022-04-10 18:50,EG33,EGF1T2TAL,EG,2.0
2022-04-10 18:50,AM03,AMH9SDBDW,AM,2.2
2022-04-10 18:56,NO12,NOXFGCAQV,NO,3.35
2022-04-10 19:14,NAO40,EGRHOCN9J,EG,2.5
2022-04-10 19:45,OO10,OO1B0Z3NX,OO,2.5
2022-04-10 20:24,AM06,AMXAJI0Y6,AM,3.6
2022-04-10 20:45,OO02,NOQLL8OS9,NO,2.3
2022-04-10 21:01,NAO32,NAO5UQPGB7,NAO,2.5
2022-04-10 21:31,NO05,NOQLL8OS9,NO,3.25
2022-04-10 21:44,NAO03,EGF1T2TAL,EG,2.5
2022-04-10 21:53,NO02,EGC11ERTJ,EG,3.85
2022-04-10 21:56,NAO40,NAO5ZJA8DZ,NAO,2.5
2022-04-10 22:16,KO09,KOJDP0LVS,KO,2.05
2022-04-10 22:54,NAO31,NAO09SKDGI,NAO,2.5
2022-04-10 23:29,NAO40,NAONSM43D8,NAO,2.5
2022-04-11 00:47,NO03,NOE1V2ISQ,NO,3.25
2022-04-11 01:03,NAO12,NAOBMYOFQE,NAO,2.5
2022-04-11 01:26,NO02,NOXFGCAQV,NO,3.85
2022-04-11 01:28,NAO23,NAOLY8OZCY,NAO,2.5
2022-04-11 01:32,EG19,EGF1T2TAL,EG,1.4
2022-04-11 01:33,EG16,EGYTJXEPQ,EG,1.2
2022-04-11 01:50,NAO03,KOIXA11DP,KO,2.5
2022-04-11 02:20,AM01,NAO5UQPGB7,NAO,2.0
2022-04-11 02:45,OO06,KOIXA11DP,KO,3.5
2022-04-11 02:50,NO05,NORCBPLJD,NO,3.25
2022-04-11 03:56,NAO03,EGF1T2TAL,EG,2.5
2022-04-11 04:10,NO01,AMNT3W5UZ,AM,3.85
2022-04-11 04:26,EG32,NAOBMYOFQE,NAO,1.4
2022-04-11 04:31,NAO28,NAONSM43D8,NAO,2.5
2022-04-11 04:39,NAO32,NAO5ZJA8DZ,NAO,2.5
2022-04-11 05:13,NAO23,NAOLY8OZCY,NAO,2.5
2022-04-11 05:14,OO06,EG9CHJ755,EG,3.5
2022-04-11 05:21,MO02,MOV86WZS3,MO,1.35
2022-04-11 06:09,NAO15,NAOLY8OZCY,NAO,2.5
2022-04-11 06:15,OO03,OO3KKV9RF,OO,2.4
2022-04-11 06:24,EG21,EGYTJXEPQ,EG,1.6
2022-04-11 06:31,OO06,KOIXA11DP,KO,3.5
2022-04-11 07:31,EG17,EGIGQPKI7,EG,2.1
2022-04-11 07:40,OO08,EGIGQPKI7,EG,1.9
2022-04-11 08:21,EG33,EGRHOCN9J,EG,2.0
2022-04-11 08:22,OO09,KOWM31YIH,KO,2.5
2022-04-11 08:46,KO01,KOJDP0LVS,KO,3.4
2022-04-11 08:46,NAO30,EGVWPVS7H,EG,2.5
2022-04-11 09:19,KO04,NAOURTP0LZ,NAO,2.95
2022-04-11 09:29,KO03,KOWKTAKPU,KO,2.95
2022-04-11 09:43,EG30,EG7UR23GD,EG,1.5
2022-04-11 10:16,NAO13,NAOHL1N13J,NAO,2.5
2022-04-11 10:26,EG05,EGIGQPKI7,EG,1.7
2022-04-11 10:50,NAO06,NAOLY8OZCY,NAO,2.5
2022-04-11 10:52,NAO37,NAOLY8OZCY,NAO,2.5
2022-04-11 10:56,KO02,AMXAJI0Y6,AM,3.4
2022-04-11 11:53,KO08,KOJDP0LVS,KO,1.85
2022-04-11 12:14,EG29,AMH9SDBDW,AM,1.5
2022-04-11 12:20,NO07,NO7PTX63C,NO,3.55
2022-04-11 12:27,OO06,EGYTJXEPQ,EG,3.5
2022-04-11 12:43,EG29,EGC11ERTJ,EG,1.5
2022-04-11 13:10,AM02,AMNT3W5UZ,AM,2.0
2022-04-11 13:33,KO10,NO7PTX63C,NO,2.05
2022-04-11 13:49,AM05,AMV3A3ZMF,AM,3.6
2022-04-11 14:39,NO01,NOE1V2ISQ,NO,3.85
2022-04-11 15:03,KO03,KONCXLL4Z,KO,2.95
2022-04-11 15:13,EG04,OOZSJ49IT,OO,1.2
2022-04-11 15:27,NO08,NORCBPLJD,NO,3.55
2022-04-11 15:45,OO03,AMXAJI0Y6,AM,2.4
2022-04-11 17:19,EG15,NOXFGCAQV,NO,1.2
2022-04-11 17:37,NAO29,OOZSJ49IT,OO,2.5
2022-04-11 17:43,KO03,AMNT3W5UZ,AM,2.95
2022-04-11 18:20,NAO25,NAO09SKDGI,NAO,2.5
2022-04-11 18:30,MO04,MOJCKJLTE,MO,2.1
2022-04-11 18:54,AM02,AMH9SDBDW,AM,2.0
2022-04-11 19:00,KO01,KONCXLL4Z,KO,3.4
2022-04-11 19:04,NAO26,NAOLY8OZCY,NAO,2.5
2022-04-11 19:21,NAO24,NAONSM43D8,NAO,2.5
2022-04-11 19:35,NO05,NAOURTP0LZ,NAO,3.25
2022-04-11 19:46,OO08,AMNT3W5UZ,AM,1.9
2022-04-11 20:13,EG21,NORCBPLJD,NO,1.6
2022-04-11 21:00,MO08,KONCXLL4Z,KO,3.15
2022-04-11 21:01,KO10,KONCXLL4Z,KO,2.05
2022-04-11 21:12,NAO33,NAOURTP0LZ,NAO,2.5
2022-04-11 21:38,EG06,EGC11ERTJ,EG,1.7
2022-04-11 21:59,EG36,EGF1T2TAL,EG,1.0
2022-04-11 21:59,NAO41,NAOP0J43D5,NAO,2.5
2022-04-11 22:19,KO05,OO7PZE9VI,OO,1.9
2022-04-11 22:42,EG25,MOV86WZS3,MO,1.8
2022-04-11 22:56,MO12,AMH9SDBDW,AM,2.05
2022-04-12 00:37,NAO14,EG7UR23GD,EG,2.5
